IcdIn,IcdCIn,IcdOut1,IcdOut2,IcdOut3,Type,Prompt,Origin,NationalExtension,YearStart,YearEnd,DateIn,UserIn,DateOut,UserOut,Comments
"I6360",,"I6350",,,"Before","Cerebral infarction due to multiple unspecified occlusion or stenosis of cerebral arteries","US created codes 2007",0,2010,9999,"2005-01-01 00:00:00","Iris",,,"/Created"
"I6369",,"I6359",,,"Before","Cerebral infarction due to unspecified occlusion or stenosis of cerebral arteries","US created codes 2007",1,2010,9999,"2005-01-01 00:00:00","Iris",,,"/Created, residue"
"I636",,"I6360",,,"USCreated","Cerebral infarction due to multiple unspecified occlusion or stenosis of cerebral arteries","US created codes 2007",0,2010,9999,"2005-01-01 00:00:00","Iris",,,"/Created"
"I636",,"I6369",,,"USCreated","Cerebral infarction due to unspecified occlusion or stenosis of cerebral arteries","US created codes 2007",0,2010,9999,"2005-01-01 00:00:00","Iris",,,"/Created"
"C2290",,"C2290",,,"Before","Liver cancer, specified as primary but morphology not stated",,0,2010,2016,"2011-02-18 00:00:00","LAJ","2016-04-14 00:00:00","Freddy","Please use P flag for primary cancer with stem code"
"C2299",,"C229",,,"Before","Liver cancer, unspecified",,0,2010,2016,"2011-02-18 00:00:00","LAJ","2016-04-14 00:00:00","Freddy","Please use P flag for primary cancer with stem code"
"A169",,"A1699",,,"USCreated","Tuberculosis specified as respiratory or pulmonary","US created codes 2007",0,2010,9999,"2014-02-05 00:00:00","LAJ",,,"/Created"
"A169",,"A1690",,,"USCreated","Tuberculosis unspecified","US created codes 2007",0,2010,9999,"2014-02-05 00:00:00","LAJ",,,"/Created"
"A1690",,"A1690",,,"Before","Tuberculosis unspecified","US created codes 2007",0,2010,9999,"2014-02-05 00:00:00","LAJ",,,"/Created"
"A1699",,"A1699",,,"Before","Tuberculosis, specified as respiratory","US created codes 2007",1,2010,9999,"2014-02-05 00:00:00","LAJ",,,"/Created, residue"
"E039",,"E0399",,,"USCreated","Hypothyroidism, not described as advanced or similar","US created codes 2007",0,2010,9999,"2005-02-25 00:00:00","Gérard Pavillon",,,"/Created"
"E039",,"E0390",,,"USCreated","Hypothyroidism, advanced, grave or similar ","US created codes 2007",0,2010,9999,"2005-02-25 00:00:00","Gérard Pavillon",,,"/Created"
"E0390",,"E0390",,,"Before","Hypothyroidism, advanced, grave or similar ","US created codes 2007",0,2010,9999,"2005-02-25 00:00:00","Gérard Pavillon",,,"/Created"
"E0399",,"E0399",,,"Before","Hypothyroidism, not described as advanced or similar","US created codes 2007",1,2010,9999,"2008-12-17 00:00:00","Lars Age",,,"/Created, residue"
"G122",,"G1220",,,"USCreated","Motor neuron disease, advanced, grave or similar","US created codes 2007",0,2010,9999,"2005-02-25 00:00:00","Gérard Pavillon",,,"/Created"
"G122",,"G1229",,,"USCreated","Motor neuron disease, not described as advanced or similar","US created codes 2007",0,2010,9999,"2005-02-25 00:00:00","Gérard Pavillon",,,"/Created"
"G1220",,"G1220",,,"Before","Motor neuron disease, advanced, grave or similar","US created codes 2007",0,2010,9999,"2005-02-25 00:00:00","Gérard Pavillon",,,"/Created"
"G1229",,"G1229",,,"Before","Motor neuron disease, not described as advanced or similar","US created codes 2007",1,2010,9999,"2008-12-17 00:00:00","Lars Age",,,"/Created, residue"
"G20",,"G2000",,,"USCreated","Parkinson's disease, advanced, grave or similar","US created codes 2007",0,2010,9999,"2005-02-25 00:00:00","Gérard Pavillon",,,"/Created"
"G20",,"G2009",,,"USCreated","Parkinson's disease, not described as advanced or similar","US created codes 2007",0,2010,9999,"2005-02-25 00:00:00","Gérard Pavillon",,,"/Created"
"G2000",,"G2000",,,"Before","Parkinson's disease, advanced, grave or similar","US created codes 2007",0,2010,9999,"2005-02-25 00:00:00","Gérard Pavillon",,,"/Created"
"G2009",,"G2009",,,"Before","Parkinson's disease, not described as advanced or similar","US created codes 2007",1,2010,9999,"2008-12-17 00:00:00","Lars Age",,,"/Created, residue"
"I219",,"I2190",,,"USCreated","Myocardial infarction caused by coronary embolism","US created codes 2008",0,2010,9999,"2009-10-02 00:00:00","Lars Age Johansson",,,"Created 2008"
"I219",,"I2199",,,"USCreated","Myocardial infarction, other and unspecified","US created codes 2008",0,2010,9999,"2009-10-02 00:00:00","Lars Age Johansson",,,"Created 2008"
"I2190",,"I2190",,,"Before","Myocardial infarction caused by coronary embolism","US created codes 2008",1,2010,9999,"2009-10-02 00:00:00","Lars Age",,,"/Created, residue"
"I2199",,"I2199",,,"Before","Myocardial infarction, other and unspecified","US created codes 2008",1,2010,9999,"2009-10-02 00:00:00","Lars Age",,,"/Created, residue"
"I420",,"I4200",,,"USCreated","Dilated cardiomyopathy, familial, idiopathic or primary","US created codes 2007",0,2010,9999,"2005-02-25 00:00:00","Gérard Pavillon",,,"/Created"
"I420",,"I4209",,,"USCreated","Dilated cardiomyopathy, not described as familial, idiopathic or primary","US created codes 2007",0,2010,9999,"2005-02-25 00:00:00","Gérard Pavillon",,,"/Created"
"I4200",,"I4200",,,"Before","Dilated cardiomyopathy, familial, idiopathic or primary","US created codes 2007",0,2010,9999,"2005-02-25 00:00:00","Gérard Pavillon",,,"/Created"
"I4209",,"I4209",,,"Before","Dilated cardiomyopathy, not described as familial, idiopathic or primary","US created codes 2007",1,2010,9999,"2008-12-17 00:00:00","Lars Age",,,"/Created, residue"
"I421",,"I4210",,,"USCreated","Obstructive hypertrophic cardiomyopathy, familial, idiopathic or primary","US created codes 2007",0,2010,9999,"2010-12-15 00:00:00","LAJ",,,"/Created"
"I421",,"I4219",,,"USCreated","Obstructive hypertrophic cardiomyopathy, not described as familial, idiopathic or primary","US created codes 2007",0,2010,9999,"2010-12-15 00:00:00","LAJ",,,"/Created"
"I4210",,"I4210",,,"Before","Obstructive hypertrophic cardiomyopathy, familial, idiopathic or primary","US created codes 2007",0,2010,9999,"2005-02-25 00:00:00","Gérard Pavillon",,,"/Created"
"I4219",,"I4219",,,"Before","Obstructive hypertrophic cardiomyopathy, not described as familial, idiopathic or primary","US created codes 2007",1,2010,9999,"2008-12-17 00:00:00","Lars Age",,,"/Created, residue"
"I422",,"I4229",,,"USCreated","Other hypertrophic cardiomyopathy, not described as familial, idiopathic or primary","US created codes 2007",0,2010,9999,"2005-02-25 00:00:00","Gérard Pavillon",,,"/Created"
"I422",,"I4220",,,"USCreated","Other hypertrophic cardiomyopathy, familial, idiopathic or primary","US created codes 2007",0,2010,9999,"2005-02-25 00:00:00","Gérard Pavillon",,,"/Created"
"I4220",,"I4220",,,"Before","Other hypertrophic cardiomyopathy, familial, idiopathic or primary","US created codes 2007",0,2010,9999,"2005-02-25 00:00:00","Gérard Pavillon",,,"/Created"
"I4229",,"I4229",,,"Before","Other hypertrophic cardiomyopathy, not described as familial, idiopathic or primary","US created codes 2007",1,2010,9999,"2008-12-17 00:00:00","Lars Age",,,"/Created, residue"
"I425",,"I4259",,,"USCreated","Other restrictive cardiomyopathy, not described as familial, idiopathic or primary","US created codes 2007",0,2010,9999,"2005-02-25 00:00:00","Gérard Pavillon",,,"/Created"
"I425",,"I4250",,,"USCreated","Other restrictive cardiomyopathy, familial, idiopathic or primary","US created codes 2007",0,2010,9999,"2005-02-25 00:00:00","Gérard Pavillon",,,"/Created"
"I4250",,"I4250",,,"Before","Other restrictive cardiomyopathy, familial, idiopathic or primary","US created codes 2007",0,2010,9999,"2005-02-25 00:00:00","Gérard Pavillon",,,"/Created"
"I4259",,"I4259",,,"Before","Other restrictive cardiomyopathy, not described as familial, idiopathic or primary","US created codes 2007",1,2010,9999,"2008-12-17 00:00:00","Lars Age",,,"/Created, residue"
"I428",,"I4289",,,"USCreated","Other cardiomyopathy, not described as familial, idiopathic or primary","US created codes 2007",0,2010,9999,"2005-02-25 00:00:00","Gérard Pavillon",,,"/Created"
"I428",,"I4280",,,"USCreated","Other cardiomyopathy, familial, idiopathic or primary","US created codes 2007",0,2010,9999,"2005-02-25 00:00:00","Gérard Pavillon",,,"/Created"
"I4280",,"I4280",,,"Before","Other cardiomyopathy, familial, idiopathic or primary","US created codes 2007",0,2010,9999,"2005-02-25 00:00:00","Gérard Pavillon",,,"/Created"
"I4289",,"I4289",,,"Before","Other cardiomyopathy, not described as familial, idiopathic or primary","US created codes 2007",1,2010,9999,"2008-12-17 00:00:00","Lars Age",,,"/Created, residue"
"I429",,"I4290",,,"USCreated","Cardiomyopathy, familial, idiopathic or primary but otherwise unspecified","US created codes 2007",0,2010,9999,"2005-02-25 00:00:00","Gérard Pavillon",,,"/Created"
"I429",,"I4299",,,"USCreated","Cardiomyopathy, unspecified, not described as familial, idiopathic or primary","US created codes 2007",0,2010,9999,"2005-02-25 00:00:00","Gérard Pavillon",,,"/Created"
"I4290",,"I4290",,,"Before","Cardiomyopathy, familial, idiopathic or primary but otherwise unspecified","US created codes 2007",0,2010,9999,"2005-02-25 00:00:00","Gérard Pavillon",,,"/Created"
"I4299",,"I4299",,,"Before","Cardiomyopathy, unspecified, not described as familial, idiopathic or primary","US created codes 2007",1,2010,9999,"2008-12-17 00:00:00","Lars Age",,,"/Created, residue"
"I500",,"I5009",,,"USCreated","Congestive heart failure, not described as advanced or similar","US created codes 2007",0,2010,9999,"2005-02-25 00:00:00","Gérard Pavillon",,,"/Created"
"I500",,"I5000",,,"USCreated","Congestive heart failure, advanced, grave or similar","US created codes 2007",0,2010,9999,"2005-02-25 00:00:00","Gérard Pavillon",,,"/Created"
"I5000",,"I5000",,,"Before","Congestive heart failure, advanced, grave or similar","US created codes 2007",0,2010,9999,"2005-02-25 00:00:00","Gérard Pavillon",,,"/Created"
"I5009",,"I5009",,,"Before","Congestive heart failure, not described as advanced or similar","US created codes 2007",1,2010,9999,"2008-12-17 00:00:00","Lars Age",,,"/Created, residue"
"I514",,"I5140",,,"USCreated","Myocarditis, arteriosclerotic","US created codes 2007",0,2010,9999,"2005-02-25 00:00:00","Gérard Pavillon",,,"/Created"
"I514",,"I5149",,,"USCreated","Myocarditis, unspecified","US created codes 2007",0,2010,9999,"2005-02-25 00:00:00","Gérard Pavillon",,,"/Created"
"I5140",,"I5140",,,"Before","Myocarditis, arteriosclerotic","US created codes 2007",0,2010,9999,"2005-02-25 00:00:00","Gérard Pavillon",,,"/Created"
"I5149",,"I5149",,,"Before","Myocarditis, unspecified","US created codes 2007",1,2010,9999,"2008-12-17 00:00:00","Lars Age",,,"/Created, residue"
"I515",,"I5150",,,"USCreated","Myocardial degeneration, arteriosclerotic","US created codes 2007",0,2010,9999,"2005-02-25 00:00:00","Gérard Pavillon",,,"/Created"
"I515",,"I5159",,,"USCreated","Myocardial degeneration, unspecified","US created codes 2007",0,2010,9999,"2005-02-25 00:00:00","Gérard Pavillon",,,"/Created"
"I5150",,"I5150",,,"Before","Myocardial degeneration, arteriosclerotic","US created codes 2007",0,2010,9999,"2005-02-25 00:00:00","Gérard Pavillon",,,"/Created"
"I5159",,"I5159",,,"Before","Myocardial degeneration, unspecified","US created codes 2007",1,2010,9999,"2008-12-17 00:00:00","Lars Age",,,"/Created, residue"
"I600",,"I6009",,,"USCreated","Subarachnoid carotid hemorrhage, other and unspecified","US created codes 2007",0,2010,9999,"2005-02-25 00:00:00","Gérard Pavillon",,,"/Created, residue"
"I600",,"I6000",,,"USCreated","Subarachnoid carotid hemorrhage caused by ruptured carotid aneurysm (into brain)","US created codes 2007",0,2010,9999,"2005-02-25 00:00:00","Gérard Pavillon",,,"/Created, split"
"I6000",,"I6000",,,"Before","Subarachnoid carotid hemorrhage caused by ruptured carotid aneurysm (into brain)","US created codes 2007",0,2010,9999,"2005-02-25 00:00:00","Gérard Pavillon",,,"/Created"
"I6009",,"I6009",,,"Before","Subarachnoid carotid hemorrhage, other and unspecified","US created codes 2007",1,2010,9999,"2008-12-17 00:00:00","Lars Age",,,"/Created, residue"
"I606",,"I6060",,,"USCreated","Subarachnoid hemorrhage caused by ruptured aneurysm (congenital) in circle of Willis","US created codes 2007",0,2010,9999,"2005-02-25 00:00:00","Gérard Pavillon",,,"/Created"
"I606",,"I6069",,,"USCreated","Subarachnoid hemorrhage from other intracranial arteries, not ruptured aneurysm in circle of Willis","US created codes 2007",0,2010,9999,"2005-02-25 00:00:00","Gérard Pavillon",,,"/Created"
"I6060",,"I6060",,,"Before","Subarachnoid hemorrhage caused by ruptured aneurysm (congenital) in circle of Willis","US created codes 2007",0,2010,9999,"2005-02-25 00:00:00","Gérard Pavillon",,,"/Created"
"I6069",,"I6069",,,"Before","Subarachnoid hemorrhage from other intracranial arteries, not ruptured aneurysm in circle of Willis","US created codes 2007",1,2010,9999,"2008-12-17 00:00:00","Lars Age",,,"/Created, residue"
"I607",,"I6079",,,"USCreated","Subarachnoid hemorrhage from intracranial artery, not ruptured aneurysm","US created codes 2007",0,2010,9999,"2005-02-25 00:00:00","Gérard Pavillon",,,"/Created"
"I607",,"I6070",,,"USCreated","Subarachnoid hemorrhage from intracranial artery caused by ruptured berry aneurysm (congenital) ","US created codes 2007",0,2010,9999,"2005-02-25 00:00:00","Gérard Pavillon",,,"/Created"
"I6070",,"I6070",,,"Before","Subarachnoid hemorrhage from intracranial artery caused by ruptured berry aneurysm (congenital) ","US created codes 2007",0,2010,9999,"2005-02-25 00:00:00","Gérard Pavillon",,,"/Created"
"I6079",,"I6079",,,"Before","Subarachnoid hemorrhage from intracranial artery, not ruptured aneurysm","US created codes 2007",1,2010,9999,"2008-12-17 00:00:00","Lars Age",,,"/Created, residue"
"I608",,"I6089",,,"USCreated","Other subarachnoid hemorrhage, not ruptured aneurysm","US created codes 2007",0,2010,9999,"2005-02-25 00:00:00","Gérard Pavillon",,,"/Created"
"I608",,"I6080",,,"USCreated","Subarachnoid hemorrhage caused by ruptured aneurysm, brain meninges","US created codes 2007",0,2010,9999,"2005-02-25 00:00:00","Gérard Pavillon",,,"/Created"
"I6080",,"I6080",,,"Before","Subarachnoid hemorrhage caused by ruptured aneurysm, brain meninges","US created codes 2007",0,2010,9999,"2005-02-25 00:00:00","Gérard Pavillon",,,"/Created"
"I6089",,"I6089",,,"Before","Other subarachnoid hemorrhage, not ruptured aneurysm","US created codes 2007",1,2010,9999,"2008-12-17 00:00:00","Lars Age",,,"/Created, residue"
"I609",,"I6099",,,"USCreated","Subarachnoid hemorrhage, unspecified","US created codes 2007",0,2010,9999,"2005-02-25 00:00:00","Gérard Pavillon",,,"/Created"
"I609",,"I6090",,,"USCreated","Subarachnoid hemorrhage caused by ruptured arteriosclerotic cerebral aneurysm","US created codes 2007",0,2010,9999,"2005-02-25 00:00:00","Gérard Pavillon",,,"/Created"
"I6090",,"I6090",,,"Before","Subarachnoid hemorrhage caused by ruptured arteriosclerotic cerebral aneurysm","US created codes 2007",0,2010,9999,"2005-02-25 00:00:00","Gérard Pavillon",,,"/Created"
"I6099",,"I6099",,,"Before","Subarachnoid hemorrhage, unspecified","US created codes 2007",1,2010,9999,"2008-12-17 00:00:00","Lars Age",,,"/Created, residue"
"I610",,"I6100",,,"USCreated","Intracerebral subcortical hemorrhage in hemisphere, multiple","US created codes 2007",0,2010,9999,"2005-02-25 00:00:00","Gérard Pavillon",,,"/Created"
"I610",,"I6109",,,"USCreated","Intracerebral subcortical hemorrhage in hemisphere, unspecified","US created codes 2007",0,2010,9999,"2005-02-25 00:00:00","Gérard Pavillon",,,"/Created"
"I6100",,"I6100",,,"Before","Intracerebral subcortical hemorrhage in hemisphere, multiple","US created codes 2007",0,2010,9999,"2005-02-25 00:00:00","Gérard Pavillon",,,"/Created"
"I6109",,"I6109",,,"Before","Intracerebral subcortical hemorrhage in hemisphere, unspecified","US created codes 2007",1,2010,9999,"2008-12-17 00:00:00","Lars Age",,,"/Created, residue"
"I611",,"I6119",,,"USCreated","Intracerebral cortical hemorrhage in hemisphere, unspecified","US created codes 2007",0,2010,9999,"2005-02-25 00:00:00","Gérard Pavillon",,,"/Created"
"I611",,"I6110",,,"USCreated","Intracerebral cortical hemorrhage in hemisphere, multiple","US created codes 2007",0,2010,9999,"2005-02-25 00:00:00","Gérard Pavillon",,,"/Created"
"I6110",,"I6110",,,"Before","Intracerebral cortical hemorrhage in hemisphere, multiple","US created codes 2007",0,2010,9999,"2005-02-25 00:00:00","Gérard Pavillon",,,"/Created"
"I6119",,"I6119",,,"Before","Intracerebral cortical hemorrhage in hemisphere, unspecified","US created codes 2007",1,2010,9999,"2008-12-17 00:00:00","Lars Age",,,"/Created, residue"
"I612",,"I6120",,,"USCreated","Intracerebral hemorrhage in hemisphere, multiple but otherwise unspecified","US created codes 2007",0,2010,9999,"2005-02-25 00:00:00","Gérard Pavillon",,,"/Created"
"I612",,"I6129",,,"USCreated","Intracerebral hemorrhage in hemisphere, unspecified","US created codes 2007",0,2010,9999,"2005-02-25 00:00:00","Gérard Pavillon",,,"/Created"
"I6120",,"I6120",,,"Before","Intracerebral hemorrhage in hemisphere, multiple but otherwise unspecified","US created codes 2007",0,2010,9999,"2005-02-25 00:00:00","Gérard Pavillon",,,"/Created"
"I6129",,"I6129",,,"Before","Intracerebral hemorrhage in hemisphere, unspecified","US created codes 2007",1,2010,9999,"2008-12-17 00:00:00","Lars Age",,,"/Created, residue"
"I613",,"I6130",,,"USCreated","Intracerebral hemorrhage in brain stem, multiple","US created codes 2007",0,2010,9999,"2005-02-25 00:00:00","Gérard Pavillon",,,"/Created"
"I613",,"I6139",,,"USCreated","Intracerebral hemorrhage in brain stem, unspecified","US created codes 2007",0,2010,9999,"2005-02-25 00:00:00","Gérard Pavillon",,,"/Created"
"I6130",,"I6130",,,"Before","Intracerebral hemorrhage in brain stem, multiple","US created codes 2007",0,2010,9999,"2005-02-25 00:00:00","Gérard Pavillon",,,"/Created"
"I6139",,"I6139",,,"Before","Intracerebral hemorrhage in brain stem, unspecified","US created codes 2007",1,2010,9999,"2008-12-17 00:00:00","Lars Age",,,"/Created, residue"
"I614",,"I6140",,,"USCreated","Intracerebral hemorrhage in cerebellum, multiple","US created codes 2007",0,2010,9999,"2005-02-25 00:00:00","Gérard Pavillon",,,"/Created"
"I614",,"I6149",,,"USCreated","Intracerebral hemorrhage in cerebellum, unspecified","US created codes 2007",0,2010,9999,"2005-02-25 00:00:00","Gérard Pavillon",,,"/Created"
"I6140",,"I6140",,,"Before","Intracerebral hemorrhage in cerebellum, multiple","US created codes 2007",0,2010,9999,"2005-02-25 00:00:00","Gérard Pavillon",,,"/Created"
"I6149",,"I6149",,,"Before","Intracerebral hemorrhage in cerebellum, unspecified","US created codes 2007",1,2010,9999,"2008-12-17 00:00:00","Lars Age",,,"/Created, residue"
"I615",,"I6150",,,"USCreated","Intracerebral intraventricular hemorrhage, multiple","US created codes 2007",0,2010,9999,"2005-02-25 00:00:00","Gérard Pavillon",,,"/Created"
"I615",,"I6159",,,"USCreated","Intracerebral intraventricular hemorrhage, unspecified","US created codes 2007",0,2010,9999,"2005-02-25 00:00:00","Gérard Pavillon",,,"/Created"
"I6150",,"I6150",,,"Before","Intracerebral intraventricular hemorrhage, multiple","US created codes 2007",0,2010,9999,"2005-02-25 00:00:00","Gérard Pavillon",,,"/Created"
"I6159",,"I6159",,,"Before","Intracerebral intraventricular hemorrhage, unspecified","US created codes 2007",1,2010,9999,"2008-12-17 00:00:00","Lars Age",,,"/Created, residue"
"I618",,"I6189",,,"USCreated","Other intracerebral hemorrhage, unspecified","US created codes 2007",0,2010,9999,"2005-02-25 00:00:00","Gérard Pavillon",,,"/Created"
"I618",,"I6180",,,"USCreated","Other intracerebral hemorrhage, multiple","US created codes 2007",0,2010,9999,"2005-02-25 00:00:00","Gérard Pavillon",,,"/Created"
"I6180",,"I6180",,,"Before","Other intracerebral hemorrhage, multiple","US created codes 2007",0,2010,9999,"2005-02-25 00:00:00","Gérard Pavillon",,,"/Created"
"I6189",,"I6189",,,"Before","Other intracerebral hemorrhage, unspecified","US created codes 2007",1,2010,9999,"2008-12-17 00:00:00","Lars Age",,,"/Created, residue"
"I619",,"I6190",,,"USCreated","Intracerebral hemorrhage, multiple but otherwise unspecified","US created codes 2007",0,2010,9999,"2005-02-25 00:00:00","Gérard Pavillon",,,"/Created"
"I619",,"I6199",,,"USCreated","Intracerebral hemorrhage, unspecified","US created codes 2007",0,2010,9999,"2005-02-25 00:00:00","Gérard Pavillon",,,"/Created"
"I6190",,"I6190",,,"Before","Intracerebral hemorrhage, multiple but otherwise unspecified","US created codes 2007",0,2010,9999,"2005-02-25 00:00:00","Gérard Pavillon",,,"/Created"
"I6199",,"I6199",,,"Before","Intracerebral hemorrhage, unspecified","US created codes 2007",1,2010,9999,"2008-12-17 00:00:00","Lars Age",,,"/Created, residue"
"I630",,"I6309",,,"USCreated","Cerebral infarction due to thrombosis of precerebral arteries","US created codes 2007",0,2010,9999,"2005-02-25 00:00:00","Gérard Pavillon",,,"/Created"
"I630",,"I6300",,,"USCreated","Cerebral infarction due to multiple thrombi of precerebral arteries","US created codes 2007",0,2010,9999,"2005-02-25 00:00:00","Gérard Pavillon",,,"/Created"
"I6300",,"I6300",,,"Before","Cerebral infarction due to multiple thrombi of precerebral arteries","US created codes 2007",0,2010,9999,"2005-02-25 00:00:00","Gérard Pavillon",,,"/Created"
"I6309",,"I6309",,,"Before","Cerebral infarction due to thrombosis of precerebral arteries","US created codes 2007",1,2010,9999,"2008-12-17 00:00:00","Lars Age",,,"/Created, residue"
"I631",,"I6310",,,"USCreated","Cerebral infarction due to multiple emboli of precerebral arteries","US created codes 2007",0,2010,9999,"2005-02-25 00:00:00","Gérard Pavillon",,,"/Created"
"I631",,"I6319",,,"USCreated","Cerebral infarction due to embolism of precerebral arteries","US created codes 2007",0,2010,9999,"2005-02-25 00:00:00","Gérard Pavillon",,,"/Created"
"I6310",,"I6310",,,"Before","Cerebral infarction due to multiple emboli of precerebral arteries","US created codes 2007",0,2010,9999,"2005-02-25 00:00:00","Gérard Pavillon",,,"/Created"
"I6319",,"I6319",,,"Before","Cerebral infarction due to embolism of precerebral arteries","US created codes 2007",1,2010,9999,"2008-12-17 00:00:00","Lars Age",,,"/Created, residue"
"I632",,"I6320",,,"USCreated","Cerebral infarction due to multiple unspecified occlusion or stenosis of precerebral arteries","US created codes 2007",0,2010,9999,"2005-02-25 00:00:00","Gérard Pavillon",,,"/Created"
"I632",,"I6329",,,"USCreated","Cerebral infarction due to unspecified occlusion or stenosis of precerebral arteries","US created codes 2007",0,2010,9999,"2005-02-25 00:00:00","Gérard Pavillon",,,"/Created"
"I6320",,"I6320",,,"Before","Cerebral infarction due to multiple unspecified occlusion or stenosis of precerebral arteries","US created codes 2007",0,2010,9999,"2005-02-25 00:00:00","Gérard Pavillon",,,"/Created"
"I6329",,"I6329",,,"Before","Cerebral infarction due to unspecified occlusion or stenosis of precerebral arteries","US created codes 2007",1,2010,9999,"2008-12-17 00:00:00","Lars Age",,,"/Created, residue"
"I633",,"I6339",,,"USCreated","Cerebral infarction due to thrombosis of cerebral arteries","US created codes 2007",0,2010,9999,"2005-02-25 00:00:00","Gérard Pavillon",,,"/Created"
"I633",,"I6330",,,"USCreated","Cerebral infarction due to multiple thrombi of cerebral arteries","US created codes 2007",0,2010,9999,"2005-02-25 00:00:00","Gérard Pavillon",,,"/Created"
"I6330",,"I6330",,,"Before","Cerebral infarction due to multiple thrombi of cerebral arteries","US created codes 2007",0,2010,9999,"2005-02-25 00:00:00","Gérard Pavillon",,,"/Created"
"I6339",,"I6339",,,"Before","Cerebral infarction due to thrombosis of cerebral arteries","US created codes 2007",1,2010,9999,"2008-12-17 00:00:00","Lars Age",,,"/Created, residue"
"I634",,"I6349",,,"USCreated","Cerebral infarction due to embolism of cerebral arteries","US created codes 2007",0,2010,9999,"2005-02-25 00:00:00","Gérard Pavillon",,,"/Created"
"I634",,"I6340",,,"USCreated","Cerebral infarction due to multiple emboli of cerebral arteries","US created codes 2007",0,2010,9999,"2005-02-25 00:00:00","Gérard Pavillon",,,"/Created"
"I6340",,"I6340",,,"Before","Cerebral infarction due to multiple emboli of cerebral arteries","US created codes 2007",0,2010,9999,"2005-02-25 00:00:00","Gérard Pavillon",,,"/Created"
"I6349",,"I6349",,,"Before","Cerebral infarction due to embolism of cerebral arteries","US created codes 2007",1,2010,9999,"2008-12-17 00:00:00","Lars Age",,,"/Created, residue"
"I635",,"I6359",,,"USCreated","Cerebral infarction due to unspecified occlusion or stenosis of cerebral arteries","US created codes 2007",0,2010,9999,"2005-02-25 00:00:00","Gérard Pavillon",,,"/Created"
"I635",,"I6350",,,"USCreated","Cerebral infarction due to multiple unspecified occlusion or stenosis of cerebral arteries","US created codes 2007",0,2010,9999,"2005-02-25 00:00:00","Gérard Pavillon",,,"/Created"
"I6350",,"I6350",,,"Before","Cerebral infarction due to multiple unspecified occlusion or stenosis of cerebral arteries","US created codes 2007",0,2010,9999,"2005-02-25 00:00:00","Gérard Pavillon",,,"/Created"
"I6359",,"I6359",,,"Before","Cerebral infarction due to unspecified occlusion or stenosis of cerebral arteries","US created codes 2007",1,2010,9999,"2008-12-17 00:00:00","Lars Age",,,"/Created, residue"
"I638",,"I6380",,,"USCreated","Other cerebral infarction, multiple","US created codes 2007",0,2010,9999,"2005-02-25 00:00:00","Gérard Pavillon",,,"/Created"
"I638",,"I6389",,,"USCreated","Other cerebral infarction","US created codes 2007",0,2010,9999,"2005-02-25 00:00:00","Gérard Pavillon",,,"/Created"
"I6380",,"I6380",,,"Before","Other cerebral infarction, multiple","US created codes 2007",0,2010,9999,"2005-02-25 00:00:00","Gérard Pavillon",,,"/Created"
"I6389",,"I6389",,,"Before","Other cerebral infarction","US created codes 2007",1,2010,9999,"2008-12-17 00:00:00","Lars Age",,,"/Created, residue"
"I639",,"I6399",,,"USCreated","Cerebral infarction, unspecified","US created codes 2007",0,2010,9999,"2005-02-25 00:00:00","Gérard Pavillon",,,"/Created"
"I639",,"I6390",,,"USCreated","Cerebral infarction, multiple but otherwise unspecified","US created codes 2007",0,2010,9999,"2005-02-25 00:00:00","Gérard Pavillon",,,"/Created"
"I6390",,"I6390",,,"Before","Cerebral infarction, multiple but otherwise unspecified","US created codes 2007",0,2010,9999,"2005-02-25 00:00:00","Gérard Pavillon",,,"/Created"
"I64",,"I6400",,,"USCreated","Strokes, multiple but not specified as hemorrhage or infarction","US created codes 2007",0,2010,9999,"2005-02-25 00:00:00","Gérard Pavillon",,,"/Created"
"I64",,"I6409",,,"USCreated","Stroke, not specified as hemorrhage or infarction","US created codes 2007",0,2010,9999,"2005-02-25 00:00:00","Gérard Pavillon",,,"/Created"
"I6400",,"I6400",,,"Before","Strokes, multiple but not specified as hemorrhage or infarction","US created codes 2007",0,2010,9999,"2005-02-25 00:00:00","Gérard Pavillon",,,"/Created"
"I6409",,"I6409",,,"Before","Stroke, not specified as hemorrhage or infarction","US created codes 2007",1,2010,9999,"2008-12-17 00:00:00","Lars Age",,,"/Created, residue"
"I691",,"I6910",,,"USCreated","Sequelae of multiple intracerebral hemorrhage","US created codes 2007",0,2010,9999,"2005-02-25 00:00:00","Gérard Pavillon",,,"/Created"
"I691",,"I6919",,,"USCreated","Sequelae of intracerebral hemorrhage","US created codes 2007",0,2010,9999,"2005-02-25 00:00:00","Gérard Pavillon",,,"/Created"
"I6910",,"I6910",,,"Before","Sequelae of multiple intracerebral hemorrhage","US created codes 2007",0,2010,9999,"2005-02-25 00:00:00","Gérard Pavillon",,,"/Created"
"I6919",,"I6919",,,"Before","Sequelae of intracerebral hemorrhage","US created codes 2007",1,2010,9999,"2008-12-17 00:00:00","Lars Age",,,"/Created, residue"
"I693",,"I6939",,,"USCreated","Sequelae of cerebral infarction","US created codes 2007",0,2010,9999,"2005-02-25 00:00:00","Gérard Pavillon",,,"/Created"
"I693",,"I6930",,,"USCreated","Sequelae of multiple cerebral infarctions","US created codes 2007",0,2010,9999,"2005-02-25 00:00:00","Gérard Pavillon",,,"/Created"
"I6930",,"I6930",,,"Before","Sequelae of multiple cerebral infarctions","US created codes 2007",0,2010,9999,"2005-02-25 00:00:00","Gérard Pavillon",,,"/Created"
"I6939",,"I6939",,,"Before","Sequelae of cerebral infarction","US created codes 2007",1,2010,9999,"2008-12-17 00:00:00","Lars Age",,,"/Created, residue"
"I694",,"I6940",,,"USCreated","Sequelae of multiple strokes, not specified as hemorrhage or infarction","US created codes 2007",0,2010,9999,"2005-02-25 00:00:00","Gérard Pavillon",,,"/Created"
"I694",,"I6949",,,"USCreated","Sequelae of stroke, not specified as hemorrhage or infarction","US created codes 2007",0,2010,9999,"2005-02-25 00:00:00","Gérard Pavillon",,,"/Created"
"I6940",,"I6940",,,"Before","Sequelae of multiple strokes, not specified as hemorrhage or infarction","US created codes 2007",0,2010,9999,"2005-02-25 00:00:00","Gérard Pavillon",,,"/Created"
"I6949",,"I6949",,,"Before","Sequelae of stroke, not specified as hemorrhage or infarction","US created codes 2007",1,2010,9999,"2008-12-17 00:00:00","Lars Age",,,"/Created, residue"
"J101",,"J1010",,,"USCreated","Influenza with other respiratory manifestations, virus identified","US created codes 2007",0,2010,9999,"2005-02-25 00:00:00","Gérard Pavillon",,,"/Created"
"J101",,"J1019",,,"USCreated","Influenza without specified respiratory manifestations, virus identified","US created codes 2007",0,2010,9999,"2005-02-25 00:00:00","Gérard Pavillon",,,"/Created"
"J1010",,"J1010",,,"Before","Influenza with other respiratory manifestations, virus identified","US created codes 2007",0,2010,9999,"2005-02-25 00:00:00","Gérard Pavillon",,,"/Created"
"J1019",,"J1019",,,"Before","Influenza without specified respiratory manifestations, virus identified","US created codes 2007",1,2010,9999,"2008-12-17 00:00:00","Lars Age",,,"/Created, residue"
"J111",,"J1110",,,"USCreated","Influenza with other respiratory manifestations, virus not identified","US created codes 2007",0,2010,9999,"2005-02-25 00:00:00","Gérard Pavillon",,,"/Created"
"J111",,"J1119",,,"USCreated","Influenza without other specified respiratory manifestations, virus not identified","US created codes 2007",0,2010,9999,"2005-02-25 00:00:00","Gérard Pavillon",,,"/Created"
"J1110",,"J1110",,,"Before","Influenza with other respiratory manifestations, virus not identified","US created codes 2007",0,2010,9999,"2005-02-25 00:00:00","Gérard Pavillon",,,"/Created"
"J1119",,"J1119",,,"Before","Influenza without other specified respiratory manifestations, virus not identified","US created codes 2007",1,2010,9999,"2008-12-17 00:00:00","Lars Age",,,"/Created, residue"
"J849",,"J8499",,,"USCreated","Interstitial pulmonary disease, unspecified","US created codes 2007",0,2010,2018,"2005-02-25 00:00:00","Gérard Pavillon","2018-04-12 00:00:00","Freddy","Desicion by Table Group(TG2015_009)"
"J849",,"J8490",,,"USCreated","Interstitial pneumonia, not elsewhere classified","US created codes 2007",0,2010,2018,"2005-02-25 00:00:00","Gérard Pavillon","2018-04-12 00:00:00","Freddy","Desicion by Table Group(TG2015_009)"
"J8490",,"J8490",,,"Before","Interstitial pneumonia, not elsewhere classified","US created codes 2007",0,2010,2018,"2005-02-25 00:00:00","Gérard Pavillon","2018-04-12 00:00:00","Freddy","Desicion by Table Group(TG2015_009)"
"J8499",,"J8499",,,"Before","Interstitial pulmonary disease, unspecified","US created codes 2007",1,2010,2018,"2008-12-17 00:00:00","Lars Age","2018-04-12 00:00:00","Freddy","Desicion by Table Group(TG2015_009)"
"J984",,"J9840",,,"USCreated","Lung disease (acute) (chronic) NOS","US created codes 2007",0,2010,9999,"2005-02-25 00:00:00","Gérard Pavillon",,,"/Created"
"J984",,"J9849",,,"USCreated","Other disorders of lung","US created codes 2007",0,2010,9999,"2005-02-25 00:00:00","Gérard Pavillon",,,"/Created"
"J9840",,"J9840",,,"Before","Lung disease (acute) (chronic) NOS","US created codes 2007",0,2010,9999,"2005-02-25 00:00:00","Gérard Pavillon",,,"/Created"
"J9849",,"J9849",,,"Before","Other disorders of lung","US created codes 2007",1,2010,9999,"2008-12-17 00:00:00","Lars Age",,,"/Created, residue"
"K319",,"K3199",,,"USCreated","Disease of stomach and duodenum, unspecified","US created codes 2007",0,2010,9999,"2005-02-25 00:00:00","Gérard Pavillon",,,"/Created"
"K319",,"K3190",,,"USCreated","Disease stomach NOS","US created codes 2007",0,2010,9999,"2005-02-25 00:00:00","Gérard Pavillon",,,"/Created"
"K3190",,"K3190",,,"Before","Disease stomach NOS","US created codes 2007",0,2010,9999,"2005-02-25 00:00:00","Gérard Pavillon",,,"/Created"
"K3199",,"K3199",,,"Before","Disease of stomach and duodenum, unspecified","US created codes 2007",1,2010,9999,"2008-12-17 00:00:00","Lars Age",,,"/Created, residue"
"K550",,"K5500",,,"USCreated","Acute vascular disorders of intestine, embolism","US created codes 2007",0,2010,9999,"2005-02-25 00:00:00","Gérard Pavillon",,,"/Created"
"K550",,"K5509",,,"USCreated","Acute vascular disorders of intestine, unspecified","US created codes 2007",0,2010,9999,"2005-02-25 00:00:00","Gérard Pavillon",,,"/Created"
"K5500",,"K5500",,,"Before","Acute vascular disorders of intestine, embolism","US created codes 2007",0,2010,9999,"2005-02-25 00:00:00","Gérard Pavillon",,,"/Created"
"K5509",,"K5509",,,"Before","Acute vascular disorders of intestine, unspecified","US created codes 2007",1,2010,9999,"2008-12-17 00:00:00","Lars Age",,,"/Created, residue"
"K631",,"K6319",,,"USCreated","Perforation of intestine (nontraumatic), other","US created codes 2007",0,2010,9999,"2005-02-25 00:00:00","Gérard Pavillon",,,"/Created"
"K631",,"K6310",,,"USCreated","Intestinal penetration, unspecified part","US created codes 2007",0,2010,9999,"2005-02-25 00:00:00","Gérard Pavillon",,,"/Created"
"K6310",,"K6310",,,"Before","Intestinal penetration, unspecified part","US created codes 2007",0,2010,9999,"2005-02-25 00:00:00","Gérard Pavillon",,,"/Created"
"K6319",,"K6319",,,"Before","Perforation of intestine (nontraumatic), other","US created codes 2007",1,2010,9999,"2008-12-17 00:00:00","Lars Age",,,"/Created, residue"
"K720",,"K7209",,,"USCreated","Other conditions classified to K720","US created codes 2007",0,2010,9999,"2005-02-25 00:00:00","Gérard Pavillon",,,"/Created"
"K720",,"K7200",,,"USCreated","Acute hepatic failure","US created codes 2007",0,2010,9999,"2005-02-25 00:00:00","Gérard Pavillon",,,"/Created"
"K7200",,"K7200",,,"Before","Acute hepatic failure","US created codes 2007",0,2010,9999,"2005-02-25 00:00:00","Gérard Pavillon",,,"/Created"
"K7209",,"K7209",,,"Before","Other conditions classified to K720","US created codes 2007",1,2010,9999,"2008-12-17 00:00:00","Lars Age",,,"/Created, residue"
"K721",,"K7219",,,"USCreated","Other conditions classified to K721","US created codes 2007",0,2010,9999,"2005-02-25 00:00:00","Gérard Pavillon",,,"/Created"
"K721",,"K7210",,,"USCreated","Chronic hepatic failure","US created codes 2007",0,2010,9999,"2005-02-25 00:00:00","Gérard Pavillon",,,"/Created"
"K7210",,"K7210",,,"Before","Chronic hepatic failure","US created codes 2007",0,2010,9999,"2005-02-25 00:00:00","Gérard Pavillon",,,"/Created"
"K7219",,"K7219",,,"Before","Other conditions classified to K721","US created codes 2007",1,2010,9999,"2008-12-17 00:00:00","Lars Age",,,"/Created, residue"
"K729",,"K7290",,,"USCreated","Hepatic failure","US created codes 2007",0,2010,2015,"2005-02-25 00:00:00","Gérard Pavillon","2015-06-17 00:00:00","Freddy","Desicion by MRG(MRG2015_012)"
"K729",,"K7299",,,"USCreated","Other conditions classified to K729","US created codes 2007",0,2010,2015,"2005-02-25 00:00:00","Gérard Pavillon","2015-06-17 00:00:00","Freddy","Desicion by MRG(MRG2015_012)"
"K7290",,"K7290",,,"Before","Hepatic failure","US created codes 2007",0,2010,2015,"2005-02-25 00:00:00","Gérard Pavillon","2015-06-17 00:00:00","Freddy","Desicion by MRG(MRG2015_012)"
"K7299",,"K7299",,,"Before","Other conditions classified to K729","US created codes 2007",1,2010,2015,"2008-12-17 00:00:00","Lars Age","2015-06-17 00:00:00","Freddy","Desicion by MRG(MRG2015_012)"
"M199",,"M1999",,,"USCreated","Arthrosis, unspecified","US created codes 2007",0,2010,2018,"2005-02-25 00:00:00","Gérard Pavillon","2018-04-16 00:00:00","Freddy","Desicion by Table Group(TG2017_021)"
"M199",,"M1990",,,"USCreated","Arthrosis, advanced","US created codes 2007",0,2010,2018,"2005-02-25 00:00:00","Gérard Pavillon","2018-04-16 00:00:00","Freddy","Desicion by Table Group(TG2017_021)"
"M1990",,"M1990",,,"Before","Arthrosis, advanced","US created codes 2007",0,2010,2018,"2005-02-25 00:00:00","Gérard Pavillon","2018-04-16 00:00:00","Freddy","Desicion by Table Group(TG2017_021)"
"M1999",,"M1999",,,"Before","Arthrosis, unspecified","US created codes 2007",1,2010,2018,"2008-12-17 00:00:00","Lars Age","2018-04-16 00:00:00","Freddy","Desicion by Table Group(TG2017_021)"
"Q278",,"Q2789",,,"USCreated","Other specified congenital malformations of peripheral vascular system","US created codes 2007",0,2010,9999,"2005-02-25 00:00:00","Gérard Pavillon",,,"/Created"
"Q278",,"Q2780",,,"USCreated","Congenital aneurysm (peripheral)","US created codes 2007",0,2010,9999,"2005-02-25 00:00:00","Gérard Pavillon",,,"/Created"
"Q2780",,"Q2780",,,"Before","Congenital aneurysm (peripheral)","US created codes 2007",0,2010,9999,"2005-02-25 00:00:00","Gérard Pavillon",,,"/Created"
"Q2789",,"Q2789",,,"Before","Other specified congenital malformations of peripheral vascular system","US created codes 2007",1,2010,9999,"2008-12-17 00:00:00","Lars Age",,,"/Created, residue"
"Q282",,"Q2829",,,"USCreated","Other arteriovenous malformation of cerebral vessels","US created codes 2007",0,2010,9999,"2005-02-25 00:00:00","Gérard Pavillon",,,"/Created"
"Q282",,"Q2820",,,"USCreated","Congenital arteriovenous cerebral aneurysm (nonruptured)","US created codes 2007",0,2010,9999,"2005-02-25 00:00:00","Gérard Pavillon",,,"/Created"
"Q2820",,"Q2820",,,"Before","Congenital arteriovenous cerebral aneurysm (nonruptured)","US created codes 2007",0,2010,9999,"2005-02-25 00:00:00","Gérard Pavillon",,,"/Created"
"Q2829",,"Q2829",,,"Before","Other arteriovenous malformation of cerebral vessels","US created codes 2007",1,2010,9999,"2008-12-17 00:00:00","Lars Age",,,"/Created, residue"
"Q283",,"Q2830",,,"USCreated","Congenital cerebral aneurysm (nonruptured)","US created codes 2007",0,2010,9999,"2005-02-25 00:00:00","Gérard Pavillon",,,"/Created"
"Q283",,"Q2839",,,"USCreated","Other malformations of cerebral vessels","US created codes 2007",0,2010,9999,"2005-02-25 00:00:00","Gérard Pavillon",,,"/Created"
"Q2830",,"Q2830",,,"Before","Congenital cerebral aneurysm (nonruptured)","US created codes 2007",0,2010,9999,"2005-02-25 00:00:00","Gérard Pavillon",,,"/Created"
"Q2839",,"Q2839",,,"Before","Other malformations of cerebral vessels","US created codes 2007",1,2010,9999,"2008-12-17 00:00:00","Lars Age",,,"/Created, residue"
"R58",,"R5809",,,"USCreated","Hemorrhage, not elsewhere classified","US created codes 2007",0,2010,9999,"2005-02-25 00:00:00","Gérard Pavillon",,,"/Created"
"R58",,"R5800",,,"USCreated","Hemorrhage of unspecified site","US created codes 2007",0,2010,9999,"2005-02-25 00:00:00","Gérard Pavillon",,,"/Created"
"R5800",,"R5800",,,"Before","Hemorrhage of unspecified site","US created codes 2007",0,2010,9999,"2005-02-25 00:00:00","Gérard Pavillon",,,"/Created"
"R5809",,"R5809",,,"Before","Hemorrhage, not elsewhere classified","US created codes 2007",1,2010,9999,"2008-12-17 00:00:00","Lars Age",,,"/Created, residue"
"R99",,"R97",,,"USCreated","Cause unknown (R97)","US created codes 2007",0,2010,9999,"2005-02-25 00:00:00","Gérard Pavillon",,,"/Created"
"R99",,"R999",,,"USCreated","Other ill-defined and unspecified causes of mortality","US created codes 2007",0,2010,9999,"2012-02-24 00:00:00","LAJ",,,"/Created"
"I6399",,"I6399",,,"Before","Cerebral infarction, unspecified","US created codes 2007",1,2010,9999,"2005-02-25 00:00:00","Gérard Pavillon",,,"/Created, residue"